Epoch,LR,Train Loss,Global Val Acc,AffectNet Acc,EmoSet-118k Acc,ExpWFormated Acc,FERPlus Acc,MMAFEDB Acc,NHFI Acc,RAF-DB Acc,jaffeFormated Acc
1,1e-06,2.2118,12.58,15.01,6.43,10.08,17.19,12.54,12.29,10.99,5.88
2,5.0799999999999995e-05,2.0749,8.68,14.17,0.56,3.36,16.13,7.80,12.08,4.96,17.65
3,0.00010059999999999999,1.9252,7.14,11.11,0.03,0.14,16.18,5.28,8.96,7.27,11.76
4,0.0001504,1.7310,8.30,14.12,0.03,3.29,16.16,7.18,11.88,3.22,17.65
5,0.0002002,1.4763,14.63,19.34,13.22,0.00,19.95,14.89,13.33,17.77,17.65
6,0.00025,1.3591,17.62,21.69,14.71,0.57,23.58,18.94,16.88,21.16,17.65
7,0.00024999835506969123,1.2994,37.00,40.15,48.67,36.83,35.53,33.41,28.75,33.14,29.41
8,0.0002499934203238615,1.2717,60.52,52.99,68.71,61.16,63.96,56.45,55.21,64.46,47.06
9,0.00024998519589779927,1.2384,69.47,61.04,73.56,69.42,77.24,64.46,63.33,75.79,52.94
10,0.0002499736820169815,1.2147,73.04,64.54,75.27,72.42,83.37,67.46,67.08,78.18,58.82
11,0.00024995887899706686,1.1949,74.84,66.31,75.95,74.21,86.38,69.04,67.50,80.00,58.82
12,0.0002499407872438878,1.1904,76.06,68.17,76.31,74.96,88.25,70.24,67.50,81.24,58.82
13,0.00024991940725343874,1.1678,77.02,69.68,76.90,75.31,89.35,71.12,68.75,83.47,58.82
14,0.00024989473961186304,1.1654,77.65,70.74,77.74,75.28,89.90,71.81,69.17,84.30,58.82
15,0.00024986678499543645,1.1676,77.98,70.56,78.02,75.17,90.49,72.25,68.75,84.96,64.71
16,0.00024983554417054885,1.1478,78.21,70.43,78.61,75.38,90.93,72.22,69.17,85.54,70.59
17,0.00024980101799368344,1.1361,78.60,70.92,78.84,75.46,91.15,72.82,69.79,86.20,70.59
18,0.0002497632074113926,1.1274,78.76,71.00,78.92,75.49,91.45,72.92,70.00,86.69,70.59
19,0.00024972211346027266,1.1288,78.98,71.23,79.26,75.71,91.55,73.17,69.79,87.02,70.59
20,0.00024967773726693496,1.1188,79.10,71.76,79.20,75.74,91.71,73.29,69.38,87.02,76.47
21,0.0002496300800479754,1.1193,79.30,71.93,78.95,76.13,92.11,73.47,70.83,87.02,76.47
22,0.00024957914310994055,1.1201,79.43,72.55,78.78,76.06,92.27,73.58,71.25,87.44,76.47
23,0.0002495249278492924,1.1107,79.65,73.00,79.26,76.17,92.39,73.73,70.62,88.10,70.59
24,0.00024946743575236964,1.1109,79.79,72.95,79.54,76.31,92.41,73.95,71.25,87.93,76.47
25,0.0002494066683953472,1.0957,79.78,72.95,79.32,76.31,92.55,73.96,71.25,87.60,82.35
26,0.0002493426274441928,1.1007,80.01,73.26,79.32,76.42,92.75,74.29,71.88,87.93,82.35
27,0.0002492753146546216,1.0894,80.05,73.22,79.20,76.49,92.91,74.32,71.46,88.18,82.35
28,0.00024920473187204755,1.0939,80.12,73.17,79.15,76.38,93.14,74.49,71.04,87.85,88.24
29,0.0002491308810315335,1.0802,80.17,73.04,79.32,76.28,93.24,74.55,71.04,88.10,82.35
30,0.00024905376415773736,1.0820,80.25,73.13,79.32,76.31,93.40,74.56,71.88,88.18,82.35
31,0.00024897338336485726,1.0711,80.36,73.84,79.32,76.21,93.56,74.67,72.08,87.93,82.35
32,0.00024888974085657327,1.0881,80.60,73.93,79.76,76.35,93.63,75.01,72.29,87.93,88.24
33,0.0002488028389259869,1.0730,80.64,73.97,79.46,76.46,93.81,75.08,72.92,87.69,88.24
34,0.00024871267995555865,1.0722,80.71,73.97,79.74,76.60,93.87,75.05,72.92,87.85,94.12
35,0.000248619266417042,1.0701,80.71,73.71,79.68,76.96,94.04,74.96,72.92,87.69,94.12
36,0.0002485226008714166,1.0617,80.75,74.15,79.76,76.81,93.99,75.00,72.92,87.60,88.24
37,0.0002484226859688169,1.0619,80.82,74.41,79.96,76.92,93.94,75.07,73.12,87.44,88.24
38,0.0002483195244484606,1.0680,80.87,74.10,79.93,76.85,94.15,75.21,73.12,87.36,88.24
39,0.00024821311913857287,1.0555,80.81,74.15,79.60,76.92,94.15,75.12,73.54,87.27,94.12
40,0.00024810347295630905,1.0551,80.89,74.41,79.57,76.85,94.22,75.16,73.75,87.77,94.12
41,0.0002479905889076746,1.0572,81.02,74.86,79.62,77.06,94.36,75.28,73.54,87.69,94.12
42,0.0002478744700874427,1.0497,81.06,74.86,79.79,77.13,94.38,75.31,72.92,87.60,94.12
43,0.00024775511967906945,1.0525,81.10,74.86,79.74,76.92,94.42,75.44,73.33,88.02,94.12
44,0.00024763254095460665,1.0479,81.15,74.90,79.88,77.10,94.61,75.38,72.71,87.85,94.12
45,0.0002475067372746119,1.0488,81.19,74.68,80.13,77.03,94.70,75.37,72.71,88.18,94.12
46,0.0002473777120880567,1.0434,81.17,74.63,80.16,76.88,94.61,75.42,72.50,88.26,94.12
47,0.0002472454689322317,1.0481,81.22,74.72,80.41,76.96,94.75,75.33,72.29,88.26,94.12
48,0.00024711001143264973,1.0455,81.17,74.68,80.49,77.03,94.56,75.27,72.50,88.10,94.12
49,0.00024697134330294664,1.0424,81.19,74.55,80.61,77.24,94.63,75.20,72.71,88.02,94.12
50,0.00024682946834477925,1.0336,81.09,74.28,80.44,77.24,94.43,75.07,73.33,88.60,88.24
51,0.0002466843904477212,1.0459,81.22,74.59,80.69,77.53,94.77,74.93,73.75,88.51,94.12
52,0.00024653611358915636,1.0318,81.22,74.41,80.75,77.38,94.77,74.97,73.75,88.68,94.12
53,0.0002463846418341696,1.0455,81.23,74.86,80.89,77.46,94.68,74.92,73.54,88.43,94.12
54,0.00024622997933543576,1.0386,81.28,74.77,81.03,77.24,94.70,75.03,74.17,88.60,88.24
55,0.0002460721303331052,1.0348,81.34,74.46,81.00,77.21,94.70,75.25,74.17,89.09,88.24
56,0.00024591109915468823,1.0367,81.54,75.03,81.17,77.28,94.77,75.46,74.38,89.17,94.12
57,0.0002457468902149358,1.0287,81.46,74.81,80.94,77.46,94.79,75.45,73.54,88.68,94.12
58,0.000245579508015719,1.0268,81.34,74.90,80.61,77.42,94.75,75.27,73.54,88.68,88.24
59,0.00024540895714590536,1.0313,81.44,74.86,81.28,77.53,94.83,75.29,73.12,88.26,88.24
60,0.00024523524228123317,1.0270,81.34,74.68,81.17,77.35,94.84,75.13,73.75,88.18,88.24
61,0.00024505836818418316,1.0218,81.38,74.50,81.39,77.46,94.88,75.15,73.75,88.10,88.24
62,0.0002448783397038481,1.0216,81.39,74.77,81.28,77.56,94.97,75.10,73.12,88.10,88.24
63,0.00024469516177579964,1.0159,81.55,74.90,81.39,77.71,95.04,75.34,72.71,88.43,94.12
64,0.0002445088394219532,1.0186,81.51,74.59,81.39,77.60,95.06,75.29,74.17,88.10,88.24
65,0.0002443193777504304,1.0178,81.60,74.99,81.39,77.67,95.13,75.40,73.54,88.26,88.24
66,0.00024412678195541844,1.0124,81.67,74.68,81.56,77.38,95.18,75.64,74.38,88.18,88.24
67,0.00024393105731702848,1.0072,81.68,75.39,81.36,77.13,95.15,75.66,74.38,88.10,94.12
68,0.0002437322092011503,1.0197,81.72,75.43,81.53,77.31,95.23,75.59,73.12,88.43,94.12
69,0.00024353024305930545,1.0176,81.63,75.21,81.62,77.28,95.23,75.43,72.29,88.51,88.24
70,0.00024332516442849775,1.0113,81.64,74.99,81.70,77.46,95.22,75.43,72.92,88.18,88.24
71,0.00024311697893106144,1.0123,81.72,74.94,81.67,77.74,95.13,75.70,72.50,88.02,88.24
72,0.00024290569227450708,1.0035,81.66,74.68,81.95,77.49,95.09,75.51,73.12,88.18,94.12
73,0.00024269131025136508,0.9973,81.69,74.72,81.84,77.60,95.16,75.46,73.75,88.68,94.12
74,0.00024247383873902698,1.0118,81.73,74.81,81.95,77.85,95.16,75.37,74.38,88.68,94.12
75,0.00024225328369958412,1.0021,81.66,74.77,81.62,77.67,95.18,75.41,74.58,88.43,94.12
76,0.0002420296511796642,0.9989,81.68,75.03,81.28,77.53,95.27,75.58,73.75,88.26,94.12
77,0.00024180294731026588,0.9943,81.80,75.03,81.64,77.53,95.29,75.67,74.38,88.60,94.12
78,0.00024157317830659017,1.0075,81.74,75.25,81.22,77.46,95.39,75.63,74.38,88.35,88.24
79,0.0002413403504678704,0.9913,81.67,75.30,81.53,77.49,95.45,75.22,74.79,88.43,88.24
80,0.00024110447017719938,0.9998,81.82,75.43,81.84,77.53,95.45,75.52,74.38,88.26,88.24
81,0.00024086554390135442,1.0130,81.90,75.34,81.98,77.53,95.47,75.59,75.21,88.60,88.24
82,0.00024062357819062006,0.9962,81.93,75.61,82.01,77.56,95.50,75.57,75.00,88.60,94.12
83,0.00024037857967860855,0.9921,81.94,75.61,82.04,77.35,95.47,75.66,75.21,88.68,88.24
84,0.00024013055508207773,0.9858,81.90,75.56,82.07,77.88,95.43,75.48,74.38,88.35,94.12
85,0.00023987951120074734,0.9938,81.87,75.21,81.95,77.85,95.50,75.49,75.00,88.18,94.12
86,0.0002396254549171121,0.9860,81.91,75.39,82.01,77.81,95.41,75.62,75.00,88.10,94.12
87,0.00023936839319625342,0.9935,81.84,75.03,81.84,77.71,95.39,75.57,75.62,88.18,94.12
88,0.00023910833308564823,1.0003,81.78,75.03,81.70,77.74,95.29,75.46,75.83,88.60,88.24
89,0.0002388452817149758,0.9926,81.90,74.81,82.04,77.56,95.34,75.68,75.62,89.09,88.24
90,0.00023857924629592234,0.9952,81.93,75.12,82.07,77.60,95.31,75.78,75.00,88.84,88.24
91,0.0002383102341219833,0.9804,81.91,75.03,82.18,77.92,95.41,75.62,74.58,88.26,88.24
92,0.00023803825256826325,0.9896,81.93,75.39,81.95,77.99,95.43,75.63,74.58,88.26,88.24
93,0.00023776330909127386,0.9810,81.97,75.92,81.50,78.39,95.48,75.62,75.21,88.18,88.24
94,0.00023748541122872954,0.9883,82.02,76.36,81.84,78.31,95.48,75.49,75.62,88.26,88.24
95,0.00023720456659934053,0.9745,82.01,76.01,81.90,78.06,95.59,75.57,75.00,88.26,88.24
96,0.00023692078290260413,0.9797,81.98,75.87,81.81,77.92,95.55,75.65,74.79,88.18,88.24
97,0.00023663406791859387,0.9695,82.08,76.01,81.67,77.81,95.68,75.89,74.58,88.35,88.24
98,0.00023634442950774576,0.9902,82.08,75.79,81.62,77.49,95.73,76.13,74.38,87.77,88.24
99,0.00023605187561064324,0.9742,82.01,75.79,81.50,77.49,95.66,75.98,73.96,88.18,94.12
100,0.00023575641424779904,0.9769,82.12,76.01,81.62,77.56,95.66,76.17,74.58,87.93,94.12
101,0.00023545805351943584,0.9772,82.08,76.05,81.45,77.88,95.73,76.01,73.75,88.02,94.12
102,0.00023515680160526362,0.9688,82.11,76.32,81.81,77.60,95.70,76.00,73.75,88.02,94.12
103,0.00023485266676425586,0.9714,82.03,76.23,81.53,77.63,95.71,75.83,73.75,88.35,94.12
104,0.00023454565733442274,0.9793,82.05,76.10,81.93,77.35,95.70,75.82,74.38,88.35,94.12
105,0.00023423578173258297,0.9658,82.12,75.96,81.90,77.46,95.79,76.03,73.75,88.10,100.00
106,0.00023392304845413264,0.9676,81.99,76.32,81.53,77.31,95.84,75.71,74.17,88.18,100.00
107,0.0002336074660728126,0.9699,82.08,76.63,81.59,77.24,95.82,75.89,74.58,88.10,100.00
108,0.00023328904324047324,0.9622,82.04,75.87,81.45,77.13,95.86,76.07,75.21,87.60,100.00
109,0.00023296778868683738,0.9667,82.01,75.79,81.31,77.21,95.87,76.01,75.00,87.93,100.00
110,0.0002326437112192608,0.9629,82.04,76.41,81.31,77.24,95.82,75.96,74.38,88.02,100.00
111,0.00023231681972249107,0.9653,82.01,76.41,81.28,76.88,95.93,75.94,75.21,87.77,100.00
112,0.00023198712315842369,0.9599,81.93,75.74,81.50,76.85,95.84,75.85,74.79,87.85,100.00
113,0.00023165463056585648,0.9671,81.95,76.27,81.50,76.99,95.71,75.86,74.79,87.52,100.00
114,0.00023131935106024182,0.9644,81.99,76.10,81.56,77.38,95.82,75.81,74.17,87.77,100.00
115,0.00023098129383343675,0.9615,82.04,75.83,81.56,77.31,95.87,75.94,74.38,88.02,100.00
116,0.0002306404681534509,0.9532,81.99,75.96,81.31,77.46,95.82,75.88,74.17,88.02,100.00
117,0.00023029688336419246,0.9674,82.01,76.32,81.34,77.21,95.82,75.86,74.58,88.35,100.00
118,0.00022995054888521195,0.9539,81.99,76.18,81.28,77.17,95.89,75.89,73.75,88.10,100.00
119,0.0002296014742114441,0.9703,81.97,76.27,81.42,77.17,95.86,75.78,73.33,88.18,100.00
120,0.0002292496689129474,0.9624,81.93,76.18,81.39,77.06,95.84,75.66,73.75,88.60,100.00
121,0.00022889514263464187,0.9579,82.01,76.27,81.53,77.24,95.87,75.67,73.75,89.01,100.00
122,0.00022853790509604448,0.9624,81.97,76.01,81.34,77.28,95.77,75.77,73.54,89.17,100.00
123,0.0002281779660910028,0.9529,82.03,76.63,81.36,77.49,95.82,75.79,72.92,88.60,94.12
124,0.0002278153354874265,0.9516,81.91,76.23,81.28,77.56,95.70,75.63,73.33,88.51,94.12
125,0.00022745002322701677,0.9582,82.09,76.76,81.45,77.85,95.77,75.85,73.12,88.18,100.00
126,0.0002270820393249937,0.9531,82.18,76.49,81.62,78.14,95.82,75.97,72.92,88.35,94.12
127,0.00022671139386982192,0.9502,82.17,76.63,81.98,77.81,95.80,75.88,73.54,88.02,94.12
128,0.00022633809702293374,0.9502,82.16,76.27,82.21,77.53,95.77,75.95,73.12,88.26,94.12
129,0.00022596215901845088,0.9439,82.19,76.23,82.23,77.35,95.87,75.98,73.75,88.35,100.00
130,0.00022558359016290356,0.9472,82.25,75.83,82.35,77.46,95.89,76.13,74.38,88.35,100.00
131,0.00022520240083494824,0.9480,82.07,75.48,82.12,77.17,95.91,75.88,73.75,88.60,100.00
132,0.00022481860148508282,0.9423,82.08,75.48,81.98,77.46,95.91,75.96,73.54,88.18,94.12
133,0.0002244322026353605,0.9505,82.29,76.01,82.04,77.92,95.98,76.20,72.92,88.35,94.12
134,0.00022404321487910078,0.9428,82.42,76.23,82.12,78.60,96.09,76.20,72.71,88.26,100.00
135,0.00022365164888059957,0.9475,82.29,76.18,81.70,78.17,96.05,76.17,72.71,88.35,100.00
136,0.0002232575153748365,0.9506,82.30,75.96,81.84,77.96,96.02,76.25,72.92,88.43,100.00
137,0.00022286082516718075,0.9424,82.30,76.32,81.70,77.88,96.07,76.23,72.29,88.51,100.00
138,0.0002224615891330947,0.9482,82.28,76.14,82.15,77.63,96.00,76.15,73.12,88.51,94.12
139,0.00022205981821783597,0.9425,82.25,76.36,82.15,77.81,95.87,76.02,73.33,88.35,94.12
140,0.0002216555234361571,0.9592,82.30,76.58,82.21,77.85,95.96,76.07,72.50,88.35,94.12
141,0.00022124871587200372,0.9474,82.27,76.58,81.98,77.99,95.80,76.08,73.33,88.26,100.00
142,0.00022083940667821076,0.9434,82.26,76.58,82.01,77.74,95.86,76.05,73.96,88.26,100.00
143,0.00022042760707619656,0.9350,82.07,76.36,81.53,77.96,95.86,75.78,74.17,87.69,100.00
144,0.00022001332835565516,0.9336,82.06,75.96,81.53,77.67,95.87,75.86,74.17,88.26,100.00
145,0.00021959658187424696,0.9441,82.17,76.49,81.62,77.63,95.98,75.89,73.96,88.60,100.00
146,0.00021917737905728733,0.9408,82.18,76.45,81.98,77.31,95.95,75.95,73.75,88.35,100.00
147,0.00021875573139743318,0.9309,82.11,76.54,81.45,77.49,95.96,75.88,73.96,88.35,100.00
148,0.00021833165045436812,0.9301,82.13,76.27,81.39,77.28,95.91,76.03,74.58,88.84,100.00
149,0.00021790514785448545,0.9328,82.22,76.54,81.42,77.71,95.95,76.09,73.75,88.84,94.12
150,0.0002174762352905694,0.9345,82.28,76.58,81.56,77.74,95.95,76.13,74.38,88.93,100.00
151,0.00021704492452147452,0.9510,82.34,76.72,81.81,77.67,95.80,76.26,74.17,89.01,100.00
152,0.00021661122737180345,0.9312,82.42,77.07,81.73,78.03,95.80,76.32,75.00,88.68,100.00
153,0.00021617515573158267,0.9324,82.36,76.54,81.67,77.81,95.89,76.37,74.17,88.76,100.00
154,0.0002157367215559364,0.9388,82.34,76.41,81.90,77.74,95.91,76.27,74.17,88.76,100.00
155,0.00021529593686475912,0.9391,82.34,76.32,82.07,77.56,96.02,76.22,73.96,88.68,100.00
156,0.0002148528137423857,0.9268,82.30,76.63,82.01,77.46,96.02,76.12,73.33,88.68,100.00
157,0.00021440736433726046,0.9325,82.29,76.41,81.93,77.74,96.05,76.08,73.96,88.43,100.00
158,0.00021395960086160388,0.9283,82.32,76.41,81.87,77.85,96.05,76.07,74.58,88.93,94.12
159,0.00021350953559107772,0.9355,82.36,77.07,81.67,77.99,95.98,76.12,74.17,88.60,100.00
160,0.0002130571808644488,0.9264,82.43,76.89,81.73,78.56,96.00,76.18,74.17,88.43,100.00
161,0.00021260254908325046,0.9228,82.40,77.20,81.73,78.24,96.03,76.10,73.75,88.51,100.00
162,0.00021214565271144266,0.9191,82.35,77.11,81.70,78.56,96.05,75.83,74.58,88.60,100.00
163,0.00021168650427507015,0.9342,82.32,77.07,81.81,78.21,96.14,75.77,74.58,88.60,94.12
164,0.00021122511636191928,0.9150,82.27,76.72,81.98,78.06,96.09,75.77,73.75,88.60,100.00
165,0.0002107615016211728,0.9193,82.30,76.80,81.95,78.06,96.05,75.89,73.96,88.43,100.00
166,0.000210295672763063,0.9239,82.33,76.58,81.79,78.10,96.09,76.05,74.58,88.26,100.00
167,0.00020982764255852328,0.9202,82.36,76.63,81.76,78.06,96.07,76.23,74.17,87.93,100.00
168,0.00020935742383883823,0.9234,82.25,76.58,81.45,77.88,96.03,76.07,74.17,88.35,100.00
169,0.0002088850294952915,0.9208,82.27,76.58,81.87,77.46,96.14,76.01,74.38,88.43,100.00
170,0.00020841047247881268,0.9174,82.31,76.76,82.09,77.56,96.23,75.88,73.96,88.76,94.12
171,0.00020793376579962208,0.9176,82.31,76.67,82.26,77.60,96.23,75.92,73.33,88.26,94.12
172,0.00020745492252687407,0.9222,82.32,76.76,82.23,77.78,96.16,75.95,73.12,88.26,94.12
173,0.00020697395578829896,0.9179,82.32,76.58,81.98,77.78,96.16,76.03,73.33,88.51,94.12
174,0.00020649087876984277,0.9167,82.36,76.58,82.51,77.60,96.09,76.19,71.46,88.18,94.12
175,0.000206005704715306,0.9112,82.47,76.80,82.82,77.46,96.19,76.20,72.50,88.35,94.12
176,0.0002055184469259805,0.9081,82.41,76.54,82.80,77.49,96.07,76.07,72.92,89.01,100.00
177,0.00020502911876028464,0.9082,82.32,76.41,82.32,77.56,96.03,76.04,73.12,89.01,100.00
178,0.00020453773363339727,0.9161,82.38,76.54,82.40,77.63,96.14,76.02,73.75,89.01,100.00
179,0.00020404430501688985,0.9190,82.40,76.67,82.29,77.60,96.14,76.11,73.33,88.93,100.00
180,0.00020354884643835719,0.9039,82.40,77.16,82.37,77.46,96.05,76.13,72.29,88.84,100.00
181,0.0002030513714810465,0.9181,82.46,76.94,82.40,77.42,96.25,76.26,72.71,88.51,94.12
182,0.000202551893783485,0.9116,82.50,76.54,82.26,77.42,96.28,76.48,72.71,88.68,100.00
183,0.00020205042703910607,0.9193,82.40,76.36,82.29,77.21,96.27,76.32,72.29,88.76,100.00
184,0.0002015469849958739,0.9146,82.35,76.10,82.12,77.67,96.21,76.19,72.29,89.01,88.24
185,0.00020104158145590635,0.9114,82.40,76.23,82.15,77.81,96.25,76.12,73.54,89.17,88.24
186,0.00020053423027509678,0.8995,82.58,76.45,82.40,78.21,96.23,76.39,73.96,88.84,94.12
187,0.00020002494536273412,0.9143,82.43,76.14,82.15,77.85,96.21,76.29,73.54,88.93,94.12
188,0.00019951374068112146,0.9071,82.47,76.18,82.18,77.85,96.19,76.39,73.33,88.93,94.12
189,0.00019900063024519345,0.9080,82.50,76.45,82.09,77.67,96.27,76.47,72.92,89.01,88.24
190,0.00019848562812213184,0.9097,82.33,76.01,81.90,77.24,96.25,76.27,74.17,88.93,94.12
191,0.00019796874843097995,0.9153,82.29,76.14,81.81,77.42,96.23,76.16,73.54,88.68,100.00
192,0.0001974500053422557,0.9127,82.36,76.41,81.84,77.60,96.12,76.33,72.92,88.68,100.00
193,0.0001969294130775628,0.9160,82.42,76.49,82.09,77.67,96.23,76.22,73.33,89.01,100.00
194,0.0001964069859092013,0.9046,82.50,76.41,81.73,77.92,96.25,76.54,73.75,88.76,94.12
195,0.00019588273815977582,0.9171,82.45,76.89,81.76,77.85,96.19,76.34,73.33,88.76,100.00
196,0.00019535668420180325,0.9090,82.45,76.85,81.87,77.74,96.21,76.27,73.75,88.93,100.00
197,0.00019482883845731863,0.8993,82.40,76.54,82.01,77.71,96.25,76.13,73.96,88.93,100.00
198,0.0001942992153974796,0.9050,82.34,76.58,82.01,77.63,96.27,76.00,73.12,89.01,100.00
199,0.00019376782954216994,0.8949,82.38,76.67,82.04,77.46,96.28,76.19,72.29,88.93,100.00
200,0.00019323469545960134,0.9090,82.38,76.27,81.93,77.35,96.35,76.38,72.29,88.68,94.12
201,0.00019269982776591387,0.9084,82.27,76.27,81.87,76.88,96.37,76.25,71.88,88.76,88.24
202,0.00019216324112477563,0.9014,82.28,76.27,82.43,77.06,96.34,76.00,72.08,88.68,88.24
203,0.0001916249502469804,0.9046,82.34,76.10,82.46,77.46,96.50,75.94,71.88,88.84,94.12
204,0.00019108496989004455,0.8950,82.31,75.92,82.12,77.46,96.35,76.09,72.08,89.17,94.12
205,0.00019054331485780231,0.8894,82.32,75.92,82.23,77.53,96.34,76.07,71.88,89.09,94.12
206,0.00019,0.9060,82.19,75.70,81.87,77.56,96.32,76.03,71.46,88.60,88.24
207,0.0001894550402118889,0.8956,82.21,75.56,81.81,77.60,96.32,76.05,71.67,88.84,94.12
208,0.0001889084504338169,0.8944,82.15,75.48,82.01,77.35,96.28,75.98,71.67,88.60,94.12
209,0.00018836024565081885,0.8917,82.28,75.74,81.90,77.10,96.32,76.23,72.92,89.17,94.12
210,0.00018781044089220583,0.9051,82.42,76.23,82.32,77.31,96.37,76.29,72.29,88.93,100.00
211,0.00018725905123115303,0.8884,82.45,76.23,82.29,77.31,96.43,76.40,72.08,88.51,100.00
212,0.0001867060917842865,0.9010,82.45,75.83,82.35,77.74,96.39,76.37,72.08,88.68,100.00
213,0.0001861515777112688,0.9132,82.43,75.92,82.04,77.78,96.41,76.44,71.67,88.51,100.00
214,0.00018559552421438342,0.8971,82.47,76.05,82.26,77.49,96.46,76.46,72.29,88.43,100.00
215,0.00018503794653811778,0.8911,82.48,76.41,82.01,77.78,96.48,76.39,72.71,88.18,100.00
216,0.00018447885996874562,0.8877,82.49,76.49,82.35,77.81,96.39,76.23,73.12,88.51,100.00
217,0.00018391827983390758,0.8967,82.36,75.70,82.26,77.56,96.43,76.15,73.12,88.68,100.00
218,0.0001833562215021913,0.8887,82.45,76.14,82.18,77.46,96.44,76.33,73.33,88.68,100.00
219,0.00018279270038270982,0.8986,82.51,76.27,82.07,77.63,96.43,76.39,73.96,89.01,100.00
220,0.00018222773192467931,0.9050,82.56,76.10,82.26,77.88,96.34,76.47,73.75,89.09,100.00
221,0.00018166133161699543,0.8977,82.54,75.92,82.46,77.74,96.37,76.41,74.17,89.01,94.12
222,0.00018109351498780873,0.9003,82.46,75.70,82.26,77.67,96.41,76.41,73.75,88.43,94.12
223,0.00018052429760409894,0.8847,82.52,76.32,82.18,77.88,96.43,76.33,74.58,88.51,94.12
224,0.00017995369507124815,0.8954,82.53,76.41,82.15,77.56,96.43,76.38,74.79,88.93,94.12
225,0.00017938172303261305,0.8871,82.63,76.27,82.49,77.71,96.51,76.44,75.00,88.93,100.00
226,0.00017880839716909603,0.8955,82.51,76.36,82.29,77.56,96.44,76.26,74.38,89.01,100.00
227,0.00017823373319871523,0.8822,82.52,76.54,82.37,77.67,96.43,76.16,75.00,89.01,100.00
228,0.00017765774687617366,0.8872,82.43,76.45,82.68,77.31,96.41,76.00,74.38,88.68,100.00
229,0.00017708045399242737,0.8784,82.43,76.67,82.60,77.13,96.41,76.05,73.96,88.60,100.00
230,0.00017650187037425235,0.9026,82.36,76.18,82.37,77.10,96.37,76.10,73.75,88.84,100.00
231,0.0001759220118838108,0.8844,82.36,75.92,82.57,77.06,96.35,76.15,73.12,88.76,100.00
232,0.00017534089441821607,0.8883,82.43,76.41,82.57,77.06,96.34,76.30,72.71,88.51,100.00
233,0.0001747585339090971,0.8889,82.48,76.45,82.40,77.13,96.28,76.46,73.33,88.60,100.00
234,0.00017417494632216137,0.8793,82.45,76.58,82.49,77.28,96.30,76.24,73.75,88.60,100.00
235,0.00017359014765675742,0.8844,82.42,76.27,82.60,77.24,96.37,76.22,73.33,88.35,94.12
236,0.000173004153945436,0.8926,82.40,76.41,82.54,77.03,96.44,76.22,72.50,88.26,94.12
237,0.00017241698125351087,0.8805,82.41,76.41,82.63,77.17,96.41,76.16,72.29,88.51,100.00
238,0.00017182864567861784,0.8820,82.52,76.14,82.74,77.49,96.39,76.31,73.33,88.76,100.00
239,0.00017123916335027393,0.8868,82.64,76.23,82.85,77.85,96.44,76.42,73.54,88.84,100.00
240,0.000170648550429435,0.8784,82.58,76.05,82.71,77.67,96.50,76.39,73.54,88.68,100.00
241,0.0001700568231080525,0.8832,82.53,76.18,82.26,77.81,96.50,76.39,72.92,88.68,100.00
242,0.00016946399760863,0.8793,82.40,76.32,82.21,77.38,96.43,76.23,73.54,88.10,100.00
243,0.00016887009018377795,0.8832,82.45,76.14,82.26,76.99,96.57,76.38,73.96,88.43,100.00
244,0.0001682751171157684,0.8762,82.36,76.27,82.37,76.99,96.50,76.15,73.12,88.18,100.00
245,0.0001676790947160886,0.8859,82.37,76.14,82.21,76.99,96.55,76.20,73.33,88.43,100.00
246,0.00016708203932499368,0.8827,82.42,75.92,82.63,76.88,96.57,76.18,73.54,88.84,100.00
247,0.00016648396731105882,0.8797,82.37,76.10,82.51,77.31,96.48,76.01,73.12,88.76,100.00
248,0.0001658848950707304,0.8712,82.45,76.36,82.60,77.46,96.44,76.07,73.33,88.84,100.00
249,0.00016528483902787647,0.8869,82.39,76.63,82.46,77.56,96.46,75.88,73.33,88.60,100.00
250,0.00016468381563333658,0.8747,82.43,76.76,82.54,77.38,96.57,75.93,72.71,88.76,100.00
251,0.00016408184136447075,0.8929,82.40,76.54,82.37,77.38,96.50,76.09,71.88,88.60,100.00
252,0.00016347893272470752,0.8835,82.46,76.63,82.80,77.28,96.46,76.18,71.25,88.43,94.12
253,0.00016287510624309192,0.8792,82.34,76.32,82.43,77.10,96.41,76.13,71.88,88.35,100.00
254,0.00016227037847383187,0.8836,82.35,76.10,82.49,77.24,96.46,76.09,72.29,88.43,100.00
255,0.00016166476599584477,0.8755,82.43,76.36,82.46,77.13,96.53,76.37,71.46,88.02,94.12
256,0.00016105828541230252,0.8714,82.41,76.32,82.32,77.38,96.50,76.31,71.46,88.10,88.24
257,0.00016045095335017666,0.8802,82.41,76.32,82.49,77.21,96.48,76.26,71.25,88.51,88.24
258,0.00015984278645978257,0.8752,82.34,76.10,82.54,77.10,96.44,76.23,71.04,88.10,88.24
